,x_1,x_2,x_3,x_4,x_5,x_6,x_7,x_8,x_9,x_10,x_11,x_12,x_13,x_14,x_15,x_16,x_17,x_18,x_19,x_20,x_21,x_22,x_23,x_24,x_25,x_26,x_27,y
0,0,1,0,1,1,0,1,1,0,1,1,1,1,0,0,0,0,1,0,0,0,1,0,1,1,0,1,39.639
1,0,0,0,0,0,0,1,1,0,0,0,0,1,1,1,1,0,0,0,1,0,1,1,0,0,0,1,29.549
2,1,1,1,0,1,1,0,1,0,0,0,1,0,1,1,0,0,0,0,0,0,0,1,0,1,1,1,37.474
3,1,1,0,0,0,0,1,0,1,1,1,1,1,1,0,0,0,0,0,0,1,0,1,0,0,1,1,39.788
4,0,0,1,0,0,0,0,0,1,1,0,0,1,1,0,0,0,0,0,0,1,0,1,1,0,0,0,29.192
5,1,0,1,1,1,0,0,0,0,0,0,0,1,1,1,0,1,1,0,1,0,0,0,1,0,1,1,29.636
6,1,1,1,1,1,1,1,0,0,0,0,0,0,0,0,0,0,1,0,1,1,1,1,0,1,1,1,27.582
7,1,1,0,0,1,1,1,1,0,1,1,1,1,0,0,1,0,1,1,1,0,1,0,0,1,0,0,40.18
8,0,0,0,0,1,1,1,0,1,0,1,0,0,1,1,1,0,0,1,0,1,1,1,1,0,0,1,27.53
9,1,0,1,0,0,1,0,1,1,0,0,1,0,0,1,1,0,0,1,0,0,1,0,1,0,1,1,37.46
10,0,0,0,0,0,0,0,0,0,1,0,0,0,1,0,0,0,1,1,1,0,0,1,1,1,1,1,27.601
11,1,1,0,1,1,1,0,0,1,0,0,0,0,1,0,1,0,0,0,1,1,0,1,0,0,1,1,28.303
12,0,1,0,0,0,0,0,1,0,0,0,0,1,0,1,1,1,1,1,0,1,0,0,0,0,0,1,29.171
13,1,1,1,0,1,1,1,0,0,1,1,1,1,0,1,0,0,0,1,1,1,1,1,0,1,1,0,40.472
14,0,1,1,1,1,0,0,1,1,1,1,0,1,1,1,0,1,1,1,1,1,0,0,0,0,1,0,29.917
15,1,1,0,1,1,0,1,0,1,1,0,0,0,1,0,0,1,1,1,0,0,0,0,1,1,0,1,27.978
16,0,0,0,1,1,0,1,0,1,1,1,0,1,0,0,0,0,1,1,1,1,1,0,1,0,1,1,29.99
17,1,0,0,0,0,1,0,1,0,1,1,1,0,0,0,1,1,1,0,0,1,0,1,0,1,1,0,38.283
18,1,1,0,1,0,0,1,1,0,1,0,1,0,1,0,0,1,1,0,0,0,0,1,1,0,0,0,38.153
19,1,0,1,0,0,1,1,1,1,1,0,1,1,0,1,1,1,0,0,0,0,1,1,0,1,1,0,39.878
20,0,1,0,0,1,0,0,1,1,1,0,1,1,0,1,0,0,1,0,1,0,1,1,1,0,1,0,39.83
21,1,1,1,1,0,1,1,1,0,1,1,1,0,0,0,1,0,0,1,0,0,0,1,0,1,1,0,38.403
22,0,1,0,0,0,0,1,0,0,0,1,1,1,1,0,1,1,0,1,0,0,0,1,0,0,1,0,39.464
23,1,1,0,0,0,0,1,1,0,1,1,0,1,0,1,0,0,1,0,1,1,1,1,0,1,1,1,30.194
24,1,0,0,0,1,1,1,0,0,1,1,0,0,1,1,0,0,0,0,0,0,1,0,0,1,1,0,27.233
25,0,1,0,1,0,0,1,1,1,0,0,1,0,1,0,0,1,1,0,0,1,0,0,1,1,0,0,37.666
26,1,0,1,1,1,0,1,0,0,1,1,1,1,0,0,1,0,0,1,1,1,1,1,1,1,1,0,40.167
27,1,0,1,0,0,0,0,1,1,1,0,0,0,1,1,0,0,0,0,1,1,1,0,0,1,0,0,28.32
28,0,0,0,1,0,0,1,0,0,0,0,1,0,1,0,1,1,0,1,1,0,0,0,0,1,0,0,37.504
29,0,0,1,0,0,0,0,0,1,0,0,1,0,1,1,0,0,1,0,1,0,0,1,1,0,1,1,38.052
30,1,0,1,1,1,1,1,1,0,0,0,1,1,0,0,1,1,1,0,1,0,1,1,0,1,1,0,40.028
31,1,0,1,0,1,1,1,0,0,0,0,1,1,1,0,1,0,0,0,0,0,0,0,1,0,1,1,38.9
32,0,0,1,0,1,1,0,0,0,1,1,0,1,0,1,0,1,1,1,1,1,0,1,1,1,1,1,29.909
33,0,1,0,1,1,1,0,1,0,0,0,0,1,1,1,0,1,0,0,0,1,1,0,1,0,1,1,29.501
34,0,1,1,0,1,1,1,0,1,0,0,1,1,1,1,1,1,1,0,1,1,0,0,0,1,1,0,39.615
35,0,0,1,0,1,1,1,0,0,0,1,1,1,1,1,1,0,0,1,1,1,1,0,1,0,0,0,40.204
36,0,0,0,1,1,0,0,1,0,1,0,1,0,1,1,1,0,1,1,1,0,0,0,0,1,1,1,38.637
37,0,0,0,0,1,1,0,0,0,0,1,0,1,1,1,0,1,1,0,1,1,1,0,0,1,1,1,30.009
38,1,1,1,1,1,1,0,0,1,1,0,1,0,1,1,1,0,1,1,0,0,0,1,1,1,1,0,37.789
39,1,1,1,1,0,0,0,0,1,0,0,0,0,0,1,1,1,1,0,0,0,1,1,1,1,1,0,27.36
40,1,1,0,0,1,0,0,1,0,1,1,0,1,1,0,1,0,0,1,1,0,1,0,1,1,1,0,29.693
41,0,1,1,1,0,1,0,0,0,1,0,0,0,0,0,0,1,1,0,1,1,0,1,0,1,1,1,28.637
42,0,0,0,0,1,0,0,1,0,1,1,1,0,0,0,0,0,0,1,0,0,0,0,0,0,0,0,36.884
43,0,0,0,0,1,1,1,1,1,1,0,0,1,1,0,0,0,1,0,1,0,1,1,1,1,1,1,29.754
44,0,0,0,1,0,1,1,1,1,0,1,1,0,1,1,0,1,1,1,1,1,1,1,0,1,1,1,38.459
45,1,0,1,1,0,0,0,0,0,1,0,1,0,1,1,0,1,1,0,1,0,1,1,1,1,1,1,38.313
46,0,1,1,1,0,0,0,1,1,1,1,0,0,1,0,0,1,1,1,0,1,1,0,0,1,1,1,28.048
47,1,1,1,0,1,1,0,0,1,1,0,1,0,1,1,1,1,1,0,1,1,1,0,0,1,0,0,38.994
48,0,0,1,1,0,1,1,0,1,0,0,1,1,1,0,0,0,0,1,0,1,1,0,0,0,0,0,39.023
49,0,1,1,1,1,1,1,0,0,0,0,1,1,0,1,1,1,1,0,1,1,0,0,1,1,1,1,39.924
50,0,1,1,1,0,0,1,0,1,1,0,1,0,1,1,0,1,1,1,0,1,1,1,1,0,1,0,37.572
51,0,0,0,1,1,0,0,0,1,0,1,0,0,0,1,1,1,1,0,0,1,1,0,0,0,1,0,27.178
52,1,1,0,0,0,0,0,0,1,0,0,0,1,0,0,1,1,0,0,0,0,1,0,1,0,0,0,29.567
53,1,1,1,0,1,1,1,1,1,1,1,0,0,1,1,0,1,1,0,1,0,1,0,0,0,0,0,28.686
54,1,0,0,0,1,0,1,1,1,0,1,0,1,0,1,0,1,0,1,0,1,0,1,0,0,1,1,28.911
55,1,1,0,0,1,0,1,0,0,1,0,1,0,1,0,0,0,1,0,1,0,0,1,0,0,1,1,38.533
56,1,0,0,1,1,0,1,0,1,1,0,0,1,0,0,1,0,1,1,0,0,1,0,0,1,1,0,29.989
57,0,0,1,1,0,1,0,1,0,0,1,0,0,1,1,0,1,1,1,0,0,0,1,0,0,1,0,27.614
58,1,0,0,1,1,1,1,1,0,1,1,0,1,0,0,0,1,1,0,1,0,0,0,0,1,0,1,30.161
59,0,0,1,1,1,0,0,1,0,1,0,1,1,0,0,1,1,1,0,1,0,0,0,0,1,1,1,40.791
60,1,1,1,0,0,1,0,1,1,1,1,0,1,0,1,1,1,0,0,0,0,0,0,0,0,0,0,30.064
61,1,1,0,0,0,1,1,1,0,1,1,1,0,1,1,1,1,0,1,0,0,0,1,0,1,1,0,37.662
62,1,0,0,0,0,1,0,1,0,1,0,0,1,1,1,1,1,1,1,1,1,1,1,0,0,1,0,30.127
63,1,1,0,1,1,1,1,0,1,0,1,1,1,1,1,0,1,1,0,0,1,1,1,1,1,1,1,39.509
64,1,1,1,1,1,0,0,0,1,1,1,0,1,1,0,0,0,1,1,0,0,1,0,0,1,1,0,29.768
65,1,1,0,1,1,0,0,0,1,1,0,1,0,1,0,0,0,0,0,0,1,1,0,0,0,0,1,37.391
66,0,1,1,0,1,1,1,1,1,1,1,0,0,1,1,1,1,0,1,0,0,1,0,1,0,1,1,27.475
67,1,0,0,1,1,1,0,1,0,0,0,0,1,0,1,0,1,1,1,0,1,1,1,0,0,1,0,29.689
68,1,1,1,1,1,0,0,0,0,0,1,1,0,0,1,1,1,0,1,0,0,0,0,0,1,0,0,37.333
69,1,1,0,1,0,1,1,1,0,0,0,0,0,1,1,1,1,1,0,0,1,1,1,1,0,1,0,27.591
70,1,1,1,0,1,0,0,0,1,0,1,0,0,1,0,1,0,1,0,1,0,1,1,0,1,1,0,27.793
71,1,1,1,0,0,0,0,1,1,1,0,0,0,1,1,1,1,0,0,1,0,0,1,1,1,0,0,28.874
72,1,1,1,0,1,1,1,0,1,1,0,1,0,0,0,1,0,0,0,0,0,0,1,1,0,0,0,37.694
73,0,1,1,0,1,1,1,1,1,1,1,0,0,0,1,1,1,0,0,0,1,0,0,0,0,1,1,27.849
74,0,1,1,0,1,0,1,1,0,0,0,1,1,0,0,0,1,1,1,1,1,1,1,1,1,0,1,40.317
75,1,1,1,0,1,0,1,0,1,1,1,1,1,1,1,1,1,1,0,1,1,1,0,0,0,0,1,40.795
76,0,1,1,0,0,0,1,0,1,0,0,1,1,0,0,1,0,1,0,1,0,1,1,1,1,1,0,39.58
77,0,1,0,0,1,0,0,0,0,1,1,1,1,1,1,1,1,1,0,0,1,0,0,1,1,0,1,40.005
78,0,1,0,1,1,0,1,1,1,0,0,1,1,0,0,0,0,0,0,1,1,1,0,0,0,1,1,40.012
79,1,1,1,0,0,0,1,0,0,0,0,1,1,1,0,0,0,1,1,1,0,0,1,1,0,1,1,39.774
80,1,0,0,0,1,1,1,0,0,1,1,1,0,1,1,0,0,1,0,0,1,0,1,0,0,0,0,37.448
81,0,0,0,0,0,1,0,0,1,0,0,0,1,0,1,1,1,1,0,0,1,0,0,1,1,1,0,29.087
82,1,0,1,0,0,1,0,1,1,1,1,1,0,1,1,0,0,1,1,0,0,1,0,1,0,0,0,37.922
83,1,0,0,1,0,0,1,0,1,0,0,1,0,1,1,1,1,1,0,0,1,1,1,0,0,1,1,37.651
84,0,0,0,1,0,1,0,1,0,0,0,0,1,1,1,0,0,0,1,0,1,0,1,0,0,0,1,29.034
85,0,1,1,1,1,0,0,1,1,0,1,1,1,1,0,1,0,0,1,0,0,1,0,1,1,0,0,39.796
86,0,1,0,1,1,0,1,0,0,0,1,1,1,1,0,0,0,0,1,1,1,1,0,1,0,1,1,39.849
87,1,1,1,1,1,0,0,0,1,1,0,1,1,0,1,0,1,0,0,0,1,1,1,1,1,0,0,39.818
88,1,1,0,1,0,0,1,0,1,0,0,0,1,0,1,0,1,1,0,0,1,0,1,0,1,1,1,29.353
89,0,1,0,1,1,0,1,1,1,1,0,1,0,0,0,1,1,0,1,0,1,0,1,1,0,0,1,38.21
90,1,0,0,1,0,1,1,1,1,0,1,0,0,0,1,1,0,0,0,1,0,0,1,1,0,0,1,28.534
91,0,1,0,1,0,0,1,1,1,0,0,1,0,0,1,1,0,1,1,1,0,1,0,0,1,1,0,38.187
92,1,0,1,1,1,0,0,0,1,0,0,0,1,1,0,0,0,0,1,0,0,1,0,1,0,1,0,29.238
93,0,1,0,1,1,0,1,1,0,1,0,1,0,0,0,0,1,1,0,1,1,1,1,1,0,0,1,39.044
94,1,1,0,1,0,1,1,1,1,0,1,0,1,1,0,1,0,0,1,1,1,0,0,1,1,0,0,30.302
95,1,1,1,1,1,1,1,1,0,0,1,0,1,0,1,1,1,1,0,1,0,1,1,0,0,1,1,30.16
96,1,0,0,0,0,0,0,1,0,1,1,0,0,1,0,1,1,0,0,1,1,0,0,1,1,1,1,28.517
97,1,1,1,1,1,1,1,1,0,1,1,0,0,1,1,1,1,0,0,1,0,0,1,0,0,1,0,28.343
98,0,0,1,1,0,1,0,1,1,1,0,0,0,1,0,0,1,0,1,0,1,0,0,0,1,1,1,27.769
99,0,1,1,0,1,1,0,1,1,0,1,0,0,0,1,0,0,1,1,0,0,1,0,0,0,0,0,27.009
100,0,1,0,0,0,0,0,0,0,0,1,1,0,1,1,1,0,1,1,0,0,0,1,0,0,1,0,37.756
101,0,0,1,0,1,0,0,1,0,1,1,0,1,0,1,0,0,1,0,0,1,0,1,1,0,1,0,29.548
102,1,0,1,1,1,0,1,0,0,1,1,1,0,0,1,0,0,0,1,1,0,1,0,1,1,0,1,37.911
103,0,1,1,1,1,0,1,1,0,1,0,0,1,0,1,0,1,1,0,0,0,1,1,1,0,1,1,29.417
104,1,0,0,0,1,0,1,1,1,1,1,0,1,1,0,1,0,0,1,1,0,0,1,0,0,1,0,30.56
105,0,0,0,1,0,0,1,0,0,1,1,0,0,0,1,0,0,1,1,0,1,1,0,1,0,1,0,27.903
106,1,0,0,1,0,0,0,0,1,1,0,0,1,1,0,0,1,1,0,1,1,0,0,0,1,0,1,29.981
107,1,0,0,1,0,0,1,1,1,0,1,1,1,0,1,0,1,1,0,0,0,1,1,1,1,0,0,39.826
108,1,1,0,1,0,0,0,1,1,1,1,0,0,1,0,0,1,0,0,0,0,0,1,1,1,0,0,27.252
109,0,1,1,0,1,1,0,1,1,0,1,0,1,0,0,1,0,1,1,1,0,1,0,0,1,0,1,30.126
110,1,0,0,0,1,0,0,0,1,0,0,1,0,1,0,0,1,0,0,1,1,1,1,0,0,0,1,37.516
111,1,1,0,1,1,0,0,1,0,0,1,1,1,1,1,0,0,0,1,0,1,0,0,0,1,0,1,39.701
112,1,0,1,1,1,1,0,1,1,1,0,0,1,1,0,1,1,0,0,1,1,0,0,1,0,1,1,30.828
113,1,1,0,0,0,1,0,0,1,0,0,1,0,1,1,1,0,1,1,1,0,1,1,1,0,0,0,38.028
114,0,1,1,1,0,1,1,0,1,0,0,1,1,1,0,0,0,0,0,0,1,1,1,0,1,1,1,38.524
115,1,1,1,0,0,1,1,0,1,0,0,1,1,0,0,1,0,1,1,0,1,1,0,1,1,0,1,39.43
116,1,0,0,1,0,0,1,0,1,1,0,0,1,0,1,0,1,1,0,0,0,0,0,1,1,1,1,29.861
117,0,0,0,0,1,0,0,1,0,1,0,1,1,0,1,1,0,1,0,1,0,0,1,0,1,1,1,39.679
118,0,1,1,1,0,0,0,0,1,1,0,0,0,0,1,1,0,0,1,0,1,1,0,0,1,0,1,27.695
119,0,0,0,1,0,0,1,1,0,1,0,1,0,1,0,0,1,0,0,0,1,1,1,1,1,1,0,37.884
120,1,1,1,1,1,1,1,1,0,1,1,1,1,1,0,0,0,1,0,1,0,1,1,1,1,1,1,40.2
121,0,1,0,0,1,0,1,0,1,1,1,1,1,1,0,1,0,1,0,1,0,1,0,1,0,0,1,40.062
122,1,1,0,1,1,1,1,1,0,1,0,0,1,1,0,1,0,1,1,1,0,0,0,0,1,1,0,30.228
123,0,1,0,0,1,0,0,0,1,0,1,0,0,0,1,0,1,0,0,0,1,0,1,1,1,1,1,26.738
124,1,1,1,0,0,1,1,1,0,1,0,0,0,0,1,1,1,0,0,0,0,1,0,0,0,0,1,28.151
125,1,1,1,1,1,0,0,1,1,0,1,0,0,1,0,0,1,1,1,0,0,0,1,1,0,1,1,27.575
126,1,0,1,1,1,1,1,1,1,0,0,1,0,0,0,0,1,1,0,0,0,0,1,1,1,1,1,38.094
127,0,0,0,1,0,1,0,1,1,1,0,1,1,1,1,1,0,1,0,0,1,0,1,0,0,1,1,39.884
128,0,1,1,0,0,0,0,0,1,1,0,0,1,0,0,0,0,0,1,1,1,0,1,1,1,0,1,30.327
129,0,0,1,1,1,1,1,0,1,0,0,0,1,1,0,1,1,0,0,1,0,1,0,1,1,0,1,29.869
130,0,0,0,0,0,1,1,1,1,1,0,1,0,1,1,0,1,0,1,1,1,1,0,0,0,1,1,38.626
131,0,1,1,0,0,1,0,1,1,1,0,0,1,1,1,0,0,1,0,0,1,0,0,1,1,0,0,29.724
132,1,0,0,0,1,0,0,0,0,1,0,1,0,0,1,0,1,1,0,1,1,0,0,1,1,0,1,37.946
133,0,1,1,1,0,0,0,1,0,0,0,1,1,0,0,0,1,0,1,0,1,0,1,1,0,0,0,38.744
134,1,1,0,1,0,0,0,0,1,0,1,0,1,1,1,0,0,1,1,1,1,1,0,1,1,1,0,29.409
135,0,0,1,0,0,0,1,0,0,0,1,1,0,1,0,1,1,0,0,1,0,1,0,0,0,1,1,38.087
136,0,1,0,1,0,1,0,1,0,1,1,1,0,1,0,0,1,1,0,1,1,0,0,1,0,1,1,38.484
137,0,1,1,1,1,0,1,1,1,0,0,0,1,1,1,1,0,0,1,0,1,1,1,0,1,1,0,29.139
138,0,1,1,1,0,1,0,1,0,0,0,0,1,0,0,0,1,0,0,1,1,0,1,0,0,0,0,29.364
139,1,1,1,1,0,0,0,0,1,1,0,0,0,1,1,0,1,0,1,0,1,1,0,1,1,1,1,28.043
140,1,0,1,1,0,1,1,1,0,0,0,0,0,1,1,1,1,0,0,0,0,1,0,0,0,1,1,27.595
141,1,0,0,1,0,1,1,1,1,0,0,1,1,1,0,1,0,1,0,1,0,1,1,1,1,1,0,40.309
142,1,1,0,1,1,0,0,1,1,0,1,1,0,1,0,0,1,1,0,1,1,1,0,0,0,1,0,38.353
143,0,0,0,1,0,0,0,0,1,1,1,1,0,1,1,0,0,1,1,0,1,1,1,1,0,1,1,37.681
144,1,1,0,1,0,1,1,0,0,1,0,0,0,0,1,0,0,1,0,1,0,0,1,1,0,1,0,28.421
145,1,1,1,0,1,0,1,0,1,0,0,0,0,1,1,1,1,0,1,0,1,0,1,0,1,0,1,27.182
146,0,0,1,0,1,1,0,1,1,1,0,1,0,0,1,0,1,1,0,0,0,0,0,1,0,1,0,38.097
147,1,1,0,1,1,1,0,1,1,0,1,1,0,1,0,0,1,0,1,1,0,1,1,1,1,1,1,38.412
148,1,0,1,0,1,1,1,0,1,1,1,1,0,0,1,1,0,0,0,1,0,1,1,0,0,0,0,38.293
149,1,0,1,0,0,0,0,0,0,1,0,1,1,0,0,1,1,1,1,0,0,0,0,0,0,0,1,40.089
150,1,1,0,0,0,0,1,0,0,1,0,0,0,0,0,0,1,1,0,0,0,1,1,0,1,0,1,27.889
151,1,0,0,1,1,0,1,1,1,0,0,0,1,0,0,0,0,0,1,1,0,0,0,0,0,0,1,29.817
152,0,0,0,1,0,1,0,1,0,0,0,1,0,0,1,0,0,1,1,0,1,0,0,1,0,0,1,36.788
153,0,0,1,0,1,0,0,1,1,1,0,0,0,0,1,0,0,0,1,0,1,0,0,1,0,0,1,27.092
154,1,1,1,1,0,0,0,1,0,0,1,1,0,1,1,0,1,0,0,1,0,1,1,0,1,0,0,38.255
155,1,0,1,0,1,1,1,1,1,0,1,0,0,1,1,0,1,1,0,1,1,0,1,0,0,1,0,28.187
156,1,0,0,1,0,1,1,1,1,1,1,0,1,0,0,1,1,1,1,0,1,1,0,0,0,0,0,29.782
157,1,0,0,1,1,1,0,1,1,0,1,0,0,0,1,1,0,1,0,1,0,0,1,0,1,0,0,27.803
158,0,0,0,0,1,0,0,1,1,1,0,0,1,1,0,0,0,1,0,0,0,1,0,1,0,1,1,29.569
159,0,1,0,0,0,0,0,0,1,0,1,0,0,1,1,0,1,1,1,1,0,0,0,1,0,0,1,27.972
160,1,0,0,1,0,1,1,1,0,0,1,1,1,0,0,0,0,0,1,1,0,0,1,0,1,0,0,40.371
161,0,1,1,1,0,1,0,0,0,1,0,0,0,1,0,0,0,0,1,0,1,1,1,1,0,1,0,27.969
162,1,0,0,0,1,1,1,1,0,0,0,0,0,1,0,0,1,1,0,1,1,0,1,1,1,1,1,28.163
163,0,1,1,1,0,1,1,0,0,0,0,0,1,1,1,1,1,1,0,0,0,0,0,0,1,1,0,29.144
164,1,1,1,0,1,1,1,1,0,1,0,0,0,1,1,1,0,1,1,1,1,1,0,0,1,1,1,28.208
165,1,1,1,0,0,0,0,1,1,1,1,1,0,1,1,1,1,1,1,0,1,1,0,1,1,1,1,37.994
166,0,0,1,1,1,0,0,0,1,1,0,0,1,1,0,1,0,1,1,1,1,0,1,0,0,0,1,30.305
167,1,0,1,1,0,1,1,0,1,0,1,0,0,0,0,1,0,0,1,0,1,0,0,1,1,0,1,27.29
168,0,0,1,1,0,1,0,1,0,1,1,0,0,0,1,1,1,1,1,1,1,1,0,1,0,1,1,28.131
169,0,1,1,1,1,1,0,0,1,0,1,1,0,1,1,1,1,0,1,0,1,0,1,0,1,0,0,37.809
170,0,1,1,1,1,1,1,0,0,0,0,1,1,0,0,1,1,0,1,1,0,1,0,1,0,1,0,39.805
171,0,1,1,0,1,1,0,1,0,1,0,1,1,1,1,1,0,0,1,0,1,0,0,1,0,1,1,39.955
172,1,1,1,1,0,1,1,0,1,1,1,1,0,0,1,0,1,0,0,0,0,1,1,0,1,0,0,38.311
173,1,0,1,1,1,1,1,0,1,1,1,1,1,0,1,1,1,0,0,0,0,1,0,1,0,1,0,39.745
174,1,1,0,0,0,1,1,1,1,1,1,0,0,1,0,0,0,0,0,1,0,1,0,1,1,1,1,28.392
175,0,0,0,0,0,0,1,1,1,1,0,1,0,0,1,1,0,1,0,0,0,1,1,0,1,0,0,37.243
176,1,0,1,1,1,0,0,0,0,1,0,1,0,0,1,1,1,1,0,1,0,1,1,0,1,1,0,38.84
177,1,1,1,1,1,0,0,1,1,0,0,0,0,1,1,0,1,0,1,1,1,0,1,1,1,0,0,28.33
178,1,0,1,1,1,0,0,0,0,0,1,1,0,1,0,1,1,0,0,0,1,1,1,0,0,1,1,37.389
179,1,0,0,0,0,1,0,0,1,1,0,1,0,1,0,0,1,0,1,0,0,0,1,1,0,0,0,38.183
180,1,1,0,1,0,1,0,1,0,0,0,1,0,0,1,1,1,1,1,0,1,1,1,1,1,1,1,37.977
181,0,1,0,0,1,0,1,1,1,0,1,0,1,1,1,0,1,0,0,0,0,1,1,1,1,1,0,29.29
182,0,1,1,0,1,1,0,1,0,1,1,0,0,1,0,0,0,1,0,0,1,0,1,0,1,0,0,27.486
183,0,1,1,1,0,1,0,1,1,1,1,1,1,0,0,1,0,1,1,0,0,0,1,1,1,1,1,40.14
184,0,1,0,1,0,0,0,0,1,0,0,0,0,1,1,1,0,1,1,1,0,0,0,1,1,1,1,27.64
185,0,1,0,0,1,1,1,1,0,1,0,1,0,0,1,1,1,1,1,0,1,1,0,0,0,1,0,37.959
186,0,1,1,1,0,1,0,1,0,0,1,0,1,1,0,0,0,0,0,0,0,1,1,0,0,0,0,29.273
187,0,1,0,1,0,0,0,0,1,1,1,0,1,0,0,1,0,1,1,1,1,1,1,1,1,0,1,29.961
188,0,0,0,0,1,0,1,0,1,1,1,1,1,1,1,1,1,1,1,1,1,0,1,1,0,0,1,40.657
189,0,1,1,1,0,1,0,1,0,0,1,1,1,0,0,0,1,1,0,0,1,1,1,0,0,1,0,39.39
190,1,1,0,1,1,0,1,0,1,1,0,0,0,0,0,1,1,0,1,1,0,1,1,0,0,0,0,28.49
191,1,1,1,1,1,0,0,0,0,1,0,1,1,1,0,0,1,0,1,0,0,0,1,1,1,1,1,39.751
192,0,1,1,0,1,1,0,1,0,0,1,0,1,0,0,0,1,1,0,1,1,0,1,0,0,0,1,30.204
193,1,1,1,0,1,0,0,1,0,1,1,1,1,0,0,0,1,0,1,1,1,0,1,1,0,0,1,39.999
194,1,1,1,1,0,0,0,0,1,0,1,1,1,1,0,0,1,1,0,0,1,0,1,1,1,0,0,39.085
195,1,1,1,0,1,0,0,0,0,0,0,0,1,0,0,0,0,1,1,1,0,0,0,1,0,0,0,29.2
196,1,1,1,0,1,1,0,0,1,0,0,1,1,0,1,1,1,0,1,0,1,1,1,0,1,0,0,39.179
197,0,1,1,0,1,0,0,1,1,0,0,0,1,1,1,1,1,0,0,1,0,0,1,1,0,1,1,30.027
198,0,1,0,0,0,0,0,1,0,1,0,1,0,1,0,0,1,0,0,1,1,0,1,0,0,1,1,38.48
199,1,1,0,1,0,1,1,1,1,1,1,1,1,0,0,1,0,0,1,1,1,0,1,1,0,0,0,40.348
200,0,1,1,1,1,0,0,0,0,0,1,0,1,0,0,1,1,0,1,1,0,0,0,1,1,0,1,30.122
201,0,1,1,0,0,1,1,0,1,1,0,1,1,1,1,0,0,0,0,1,0,1,0,1,0,0,0,40.352
202,1,0,0,1,0,1,1,0,0,1,1,0,0,0,0,1,1,0,0,1,1,0,1,0,1,0,0,28.944
203,0,1,1,0,0,1,1,1,0,1,0,1,0,1,1,1,1,0,0,0,0,1,1,1,0,1,0,37.588
204,0,0,1,0,1,0,0,0,1,1,1,1,1,0,0,0,1,0,0,0,1,0,0,1,1,0,0,39.131
205,0,0,0,0,1,1,1,1,0,1,1,0,1,1,1,1,0,1,1,1,0,1,0,0,0,1,0,29.816
206,1,0,1,1,1,1,1,0,0,0,0,0,0,1,1,0,0,1,0,1,1,0,0,1,1,0,0,27.512
207,0,0,1,1,1,0,1,0,1,0,0,0,1,1,1,1,1,1,0,0,1,0,0,0,0,0,0,29.481
208,1,1,0,0,0,0,0,1,1,0,0,0,1,1,0,0,1,0,0,1,1,0,0,1,1,0,1,29.616
209,1,0,0,1,0,1,0,0,1,0,0,0,1,1,1,1,0,0,1,1,1,0,0,1,1,1,0,29.595
210,0,1,0,1,1,1,1,1,0,1,0,1,0,1,1,0,1,0,1,1,1,0,0,0,0,0,0,38.569
211,0,0,0,1,1,0,0,1,0,1,1,1,1,1,1,0,0,0,1,1,0,1,1,0,0,0,0,40.228
212,1,1,1,1,0,0,1,1,0,0,0,1,0,0,0,1,0,1,0,0,0,0,1,1,1,1,1,37.31
213,1,1,1,0,0,0,1,1,1,0,0,1,1,0,1,0,1,1,0,1,0,0,0,0,1,0,0,40.294
214,0,1,0,1,1,1,0,0,1,0,0,0,0,1,0,0,1,1,0,0,1,0,1,0,0,1,0,27.823
215,0,0,0,0,1,1,0,1,0,1,1,1,0,1,0,0,1,1,0,0,0,1,0,1,1,0,1,37.612
216,1,0,1,0,0,0,0,0,1,1,0,0,0,1,1,1,1,0,1,0,0,1,1,0,0,1,0,27.758
217,1,1,1,1,0,0,0,0,0,1,1,1,1,0,0,0,0,0,1,0,0,0,1,1,1,0,1,39.65
218,1,1,1,0,1,1,1,0,0,0,0,1,0,0,0,0,0,1,1,1,1,0,1,1,0,0,0,37.895
219,1,0,0,1,0,0,0,0,0,1,1,0,1,0,1,0,0,1,0,0,1,0,0,0,0,0,1,29.526
220,0,1,1,0,0,1,1,1,0,1,0,0,1,0,1,1,1,0,1,1,1,0,0,1,1,0,0,30.072
221,1,1,1,1,1,1,0,0,1,0,0,0,1,1,1,1,0,0,1,0,1,1,1,0,0,0,0,28.834
222,0,1,1,0,1,0,0,1,1,0,0,0,0,1,1,1,0,0,1,0,1,0,0,0,0,1,0,27.603
223,1,0,0,0,0,1,0,1,0,0,0,1,0,0,0,0,1,0,0,0,0,0,0,0,0,0,0,36.761
224,0,1,0,0,1,0,1,0,0,0,0,1,1,1,1,0,0,0,0,0,0,1,0,0,1,0,0,39.438
225,0,0,1,0,1,1,0,0,1,1,1,1,1,1,1,1,0,1,1,1,0,1,1,0,1,1,1,40.844
226,1,1,1,0,0,0,1,0,1,1,1,0,0,0,1,0,1,1,0,1,0,1,1,1,1,1,1,28.742
227,1,1,0,1,1,1,0,0,0,1,1,0,0,0,1,1,0,1,0,1,0,1,0,1,1,0,1,28.569
228,1,0,1,0,0,0,1,0,0,1,1,0,0,1,1,0,1,1,1,0,0,0,0,0,1,1,0,27.377
229,0,0,0,1,0,1,0,1,1,0,1,0,0,1,0,0,1,0,1,1,1,0,1,1,0,0,0,27.573
230,1,1,1,0,1,0,0,1,1,0,1,1,1,1,0,0,0,1,1,0,1,1,1,0,0,1,1,39.203
231,1,0,0,0,1,1,0,0,0,0,1,1,0,1,0,1,0,1,1,0,1,1,0,0,1,1,1,37.257
232,1,1,1,0,1,1,1,1,0,0,0,0,0,1,1,0,0,0,1,0,1,0,1,1,0,0,0,26.943
233,1,1,1,0,1,0,0,0,1,1,0,0,1,0,0,1,0,0,1,0,1,0,1,0,0,1,0,29.918
234,1,0,0,0,1,1,0,1,0,1,0,0,1,1,1,0,1,1,1,0,0,0,1,0,1,0,0,29.781
235,1,1,1,1,1,1,1,1,1,0,0,1,1,1,0,0,0,0,1,1,1,0,1,0,1,0,1,39.807
236,0,0,0,1,1,1,0,0,1,1,0,0,0,0,1,0,0,0,1,0,0,0,1,0,1,1,1,27.355
237,1,1,0,1,1,0,0,1,0,0,0,1,0,1,1,1,1,1,0,0,0,1,0,1,0,0,0,37.79
238,1,0,1,0,0,0,1,1,1,0,1,0,0,0,0,0,0,1,0,0,1,1,0,0,0,0,0,27.493
239,1,0,0,0,1,1,1,0,0,1,1,0,0,1,0,0,0,0,1,1,1,1,0,1,1,0,0,28.037
240,0,0,1,1,1,0,1,0,0,1,1,0,1,1,0,0,0,1,0,0,1,1,1,1,1,1,0,29.209
241,1,0,1,1,1,0,1,0,0,1,0,1,1,1,0,0,1,0,0,0,0,1,0,1,0,1,1,39.879
242,0,0,0,1,0,0,1,0,1,0,1,0,1,0,0,0,1,1,0,1,0,1,0,1,1,1,0,30.026
243,1,1,1,0,0,1,1,0,0,1,1,0,0,0,0,0,0,0,1,0,1,1,0,0,1,0,1,27.507
244,1,1,0,0,0,0,0,0,1,1,1,1,0,0,0,1,0,1,1,1,0,1,1,1,0,0,0,38.649
245,0,1,0,1,0,0,0,0,0,0,1,1,0,1,1,1,0,1,1,0,0,0,1,0,0,0,1,37.716
246,0,0,0,1,0,1,1,1,1,0,1,0,1,0,0,1,0,0,1,0,1,0,1,1,0,0,0,29.43
247,0,1,0,1,0,0,1,1,0,0,0,1,0,0,0,0,1,0,0,0,1,1,1,0,1,1,0,36.983
248,0,1,1,0,1,1,0,1,1,1,1,0,1,1,1,1,1,1,0,1,1,1,0,1,0,1,1,30.043
249,1,0,1,1,0,1,1,0,1,1,1,1,0,1,1,0,0,0,1,0,1,1,1,1,0,1,0,37.738
250,0,1,1,1,0,1,1,1,0,1,1,1,1,1,0,1,0,0,0,1,0,0,0,0,0,1,1,40.199
251,0,0,1,1,0,0,1,0,1,0,0,1,1,1,1,1,1,0,1,0,0,1,0,1,0,0,0,39.946
252,1,0,0,0,0,0,0,0,1,0,0,1,1,1,0,0,1,1,0,1,0,0,0,1,0,0,1,40.044
253,1,0,1,0,0,1,1,1,1,0,0,1,1,0,1,0,1,0,0,0,1,0,0,1,0,0,1,38.957
254,1,1,0,0,1,0,0,0,1,0,1,1,0,1,1,0,0,0,1,1,0,0,1,1,0,1,1,37.997
255,1,0,0,0,1,1,1,1,1,0,0,1,0,0,1,0,0,0,1,0,1,1,0,0,1,1,1,36.869
256,0,1,0,0,1,1,0,1,1,0,0,1,1,1,1,1,0,0,0,1,0,1,1,0,0,0,1,40.099
257,0,0,0,0,1,0,0,0,0,1,0,0,0,0,0,0,1,1,1,0,1,0,1,0,0,1,1,27.86
258,0,1,0,0,0,1,1,1,1,1,0,1,1,0,1,0,0,1,0,0,0,1,1,1,1,1,1,39.257
259,0,1,0,1,0,1,0,0,0,0,0,0,0,0,1,1,0,0,0,0,1,1,0,0,1,1,0,27.214
260,0,1,1,1,1,1,1,0,0,0,0,0,1,0,0,0,1,1,0,0,1,1,0,1,1,0,0,29.653
261,1,1,1,0,0,1,0,1,1,1,1,0,1,1,0,1,0,1,0,0,1,0,1,0,0,0,0,29.966
262,0,1,0,1,1,0,1,1,1,1,0,0,0,0,1,1,0,0,1,1,1,0,0,0,1,1,0,28.443
263,1,0,1,1,0,1,1,1,0,1,1,1,1,0,1,1,0,1,1,0,0,0,0,0,1,1,0,40.303
264,1,0,1,1,0,0,0,1,1,1,0,1,1,1,1,1,0,0,1,0,0,0,0,1,0,1,1,39.644
265,0,1,1,0,0,1,0,1,1,1,1,0,0,0,1,0,1,1,1,1,1,1,0,0,0,0,0,28.957
266,1,1,1,0,0,0,0,0,1,1,0,0,1,1,0,0,0,1,0,1,1,1,1,0,1,0,1,29.923
267,1,0,1,0,0,0,1,1,1,1,0,1,0,0,0,1,0,0,1,0,1,1,0,0,1,1,1,37.99
268,0,1,0,1,1,1,1,0,1,0,0,1,1,1,0,0,1,0,0,0,1,0,0,1,0,1,1,39.249
269,1,1,0,0,0,0,1,1,1,1,0,0,1,1,0,0,0,0,0,0,1,1,0,0,1,1,0,29.319
270,1,1,1,1,1,1,1,0,1,0,0,0,0,1,1,1,1,1,0,1,0,0,0,0,0,0,1,28.367
271,0,0,0,1,0,0,0,0,0,0,1,1,1,1,1,0,0,1,1,0,0,1,0,0,0,1,1,39.274
272,0,0,0,0,1,0,0,1,0,1,1,0,0,0,0,1,0,1,0,0,1,0,0,1,1,1,1,27.166
273,0,0,1,0,1,0,1,0,0,0,1,1,0,1,1,1,1,0,1,1,1,1,1,1,1,0,0,37.816
274,1,0,0,1,1,1,1,0,1,1,1,0,1,0,1,1,0,1,0,0,1,0,0,1,0,1,1,29.814
275,1,1,0,1,1,0,1,0,0,1,0,0,1,0,0,1,0,1,1,0,0,1,0,1,0,0,0,29.361
276,1,1,1,1,1,0,1,1,0,1,1,1,1,0,0,1,0,1,0,0,1,0,0,0,0,1,1,40.024
277,0,1,0,1,1,1,1,0,1,1,1,0,1,0,1,1,1,0,1,1,1,1,0,0,1,1,1,30.534
278,0,0,1,0,1,1,1,1,0,0,1,1,0,0,1,0,1,0,0,1,0,1,1,0,0,0,0,37.586
279,1,0,1,1,1,0,1,1,0,1,1,0,0,0,0,1,0,0,0,1,1,0,0,1,1,0,1,28.133
280,1,1,0,1,0,1,1,0,0,1,0,1,0,0,1,1,0,0,0,0,1,1,1,1,1,0,0,37.959
281,0,1,0,0,0,0,1,1,1,1,0,1,1,0,1,1,0,0,1,0,1,1,1,1,1,1,0,39.593
282,0,1,1,0,1,0,1,0,0,0,0,0,0,0,1,1,1,1,0,0,0,1,1,0,1,0,0,27.368
283,1,1,1,1,0,0,1,1,0,0,1,0,0,0,0,0,0,0,1,1,1,0,1,1,1,1,0,27.715
284,1,1,1,1,0,1,1,0,1,0,0,0,1,0,0,1,0,1,1,1,1,1,0,0,0,1,0,30.376
285,0,1,1,1,1,0,0,1,1,0,0,0,1,1,0,1,0,1,0,1,1,1,1,0,0,1,1,30.009
286,0,0,1,1,0,1,1,0,1,1,1,1,0,1,0,1,1,1,1,0,0,1,1,1,0,0,0,37.943
287,1,0,0,1,1,0,1,0,0,0,0,0,1,0,1,0,0,0,1,0,1,0,1,1,0,1,1,28.543
288,1,0,1,1,0,0,0,0,0,1,0,1,1,1,0,1,0,1,1,0,0,0,1,1,1,1,0,39.533
289,1,1,0,1,0,1,0,0,1,0,1,1,1,1,1,1,0,0,0,0,0,1,1,1,1,0,0,39.362
290,0,0,0,0,1,1,0,1,0,0,0,1,0,1,1,0,0,0,1,1,0,1,1,1,0,1,0,37.547
291,1,0,0,1,1,0,0,1,1,1,0,0,0,1,1,0,1,1,1,0,0,1,0,1,0,1,0,27.502
292,0,0,1,0,1,1,1,0,0,1,1,0,1,1,1,1,1,0,0,0,0,1,0,0,1,1,1,29.963
293,1,0,0,1,1,1,0,0,1,0,1,0,1,0,0,0,1,0,1,0,1,0,0,0,0,1,0,29.266
294,0,1,0,1,1,1,1,1,0,0,1,1,1,1,0,1,1,1,1,0,1,1,0,1,1,0,1,40.13
295,0,1,1,1,0,0,0,1,0,1,0,0,1,1,0,1,0,0,1,1,1,0,0,0,0,0,0,29.765
296,0,0,0,0,0,1,1,1,0,0,1,0,1,0,1,1,0,1,1,0,1,0,0,0,1,0,1,29.499
297,1,1,1,1,1,0,0,1,1,1,1,0,1,1,0,1,1,1,0,0,1,1,1,0,0,1,1,29.783
298,1,0,1,1,0,0,1,1,1,1,0,0,1,1,0,0,1,0,0,1,0,0,0,0,1,0,1,30.433
299,0,0,1,0,0,1,0,0,1,1,0,1,1,0,1,0,0,1,1,1,1,0,0,0,0,0,1,35.139
